Vetted_address,PWSID,geometry,GEOID,NAME,Race.estimate.total,B03002_001M,Race.white.alone,B03002_003M,Race.black.alone,B03002_004M,Race.native.alone,B03002_005M,Race.asian.alone,B03002_006M,Race.PI.alone,B03002_007M,Race.hispanicorlatino,B03002_012M,Median.hh.income,B19013_001M,Tenure.estimate.total,B25003_001M,Tenure.owner,B25003_002M,Tenure.renter,B25003_003M,Households.total,B11001_001M
19021 Circle View Dr. Pinoeer CA 95666,CA0310015,"c(-120.5243563, 38.4664148)",060050001021,"Block Group 1, Census Tract 1.02, Amador County, California",861,299,765,237,0,13,4,8,8,16,0,13,81,90,49063,23291,327,79,247,64,80,50,327,79
5545 THREE OAKS DRIVE IONE CA 95640,CA0310020,"c(-120.9189396, 38.2956688)",060050003041,"Block Group 1, Census Tract 3.04, Amador County, California",1632,330,1436,318,7,14,9,33,23,38,0,13,127,106,68500,25119,590,111,366,94,224,89,590,111
9420 Putney Dr. Durham CCA 95938,CA0400066,"c(-121.8024984, 39.6469927)",060070015001,"Block Group 1, Census Tract 15, Butte County, California",1322,722,1228,716,0,13,0,13,58,79,0,13,36,34,103462,38337,396,123,306,115,90,85,396,123
4541 Wilder Drive CHICO CA 95928,CA0400091,"c(-121.6916884, 39.778231)",060070016022,"Block Group 2, Census Tract 16.02, Butte County, California",517,213,476,206,0,13,0,13,29,30,0,13,0,13,92682,23649,266,105,239,105,27,40,266,105
316 Walnut Tree Dr. Colusa CA 95932,CA0600011,"c(-122.0149495, 39.1905156)",060110002003,"Block Group 3, Census Tract 2, Colusa County, California",1251,362,286,100,0,13,0,13,0,13,0,13,923,358,63841,7947,408,108,316,94,92,78,408,108
6061 Lone Tree Way Brentwood CA 94513,CA0706108,"c(-121.7401173, 37.9601728)",060133032092,"Block Group 2, Census Tract 3032.09, Contra Costa County, California",2623,864,617,292,37,71,19,29,860,543,0,13,1033,824,106652,41718,660,263,527,264,133,76,660,263
50 Birch St. Brentwood 94513,CA0707557,"c(-121.6900834, 37.931503)",060133031072,"Block Group 2, Census Tract 3031.07, Contra Costa County, California",1913,505,829,371,216,194,140,107,0,13,117,149,536,353,87546,43879,567,145,295,126,272,130,567,145
83 Solano Ave. Pittsburg CA 94565,CA0707558,"c(-121.9400552, 38.0288432)",060133141033,"Block Group 3, Census Tract 3141.03, Contra Costa County, California",1508,495,117,125,102,119,0,13,247,149,0,13,1033,460,69318,18329,400,108,161,73,239,90,400,108
3049 W Willow Rd. Bethel Island CA 94511,CA0707602,"c(-121.6388494, 38.0460163)",060133010002,"Block Group 2, Census Tract 3010, Contra Costa County, California",991,335,679,272,20,33,0,13,33,51,0,13,236,230,35721,18375,439,134,369,125,70,65,439,134
"4100 CA-169, Klamath CA 95548",CA0800613,"c(-123.990691, 41.5191284)",060150002031,"Block Group 1, Census Tract 2.03, Del Norte County, California",1123,154,543,107,17,12,329,106,1,3,0,13,185,79,38092,7703,439,80,334,80,105,28,439,80
3800 NORTH SHINGLE RD SHINGLE SPRINGS CA 95682,CA0900108,"c(-120.9328381, 38.6659207)",060170308122,"Block Group 2, Census Tract 308.12, El Dorado County, California",2406,883,2182,870,0,13,0,13,0,13,0,13,224,157,125486,58923,757,175,723,174,34,40,757,175
6280 CA-49 Lotus CA 95651,CA0900211,"c(-120.942073, 38.8263433)",060170306063,"Block Group 3, Census Tract 306.06, El Dorado County, California",1293,512,1076,462,0,13,0,13,0,13,0,13,217,244,65833,49707,362,112,329,124,33,43,362,112
2659 Lake Tahoe Blvd. South Lake Tahoe CA 96150,CA0900539,"c(-119.982951, 38.9281623)",060170303021,"Block Group 1, Census Tract 303.02, El Dorado County, California",537,185,395,202,8,9,0,13,63,90,0,13,71,83,44750,22789,218,84,94,46,124,76,218,84
947 Park Ave. South Lake Tahoe CA 96150,CA0900548,"c(-119.9462955, 38.9565948)",060170316013,"Block Group 3, Census Tract 316.01, El Dorado County, California",368,234,219,104,0,13,0,13,0,13,0,13,149,212,32885,17167,192,87,44,39,148,77,192,87
2187 LAKE TAHOE BLVD SOUTH LAKE TAHOE CA 96150,CA0900555,"c(-119.9985091, 38.9176891)",060170304043,"Block Group 3, Census Tract 304.04, El Dorado County, California",646,212,381,154,21,30,0,13,24,48,0,13,178,147,33704,18354,322,105,207,107,115,64,322,105
3876 Lake Tahoe Blvd. South Lake Tahoe CA 96150,CA0900579,"c(-119.9490061, 38.9520364)",060170316012,"Block Group 2, Census Tract 316.01, El Dorado County, California",521,250,102,71,0,13,0,13,118,117,0,13,275,235,NA,NA,254,100,8,14,246,100,254,100
3901 PIONEER TRAIL SOUTH LAKE TAHOE CA 96150,CA0900581,"c(-119.9481026, 38.9524397)",060170316012,"Block Group 2, Census Tract 316.01, El Dorado County, California",521,250,102,71,0,13,0,13,118,117,0,13,275,235,NA,NA,254,100,8,14,246,100,254,100
3520 LAKE TAHOE BLVD SOUTH LAKE TAHOE CA 96150,CA0900586,"c(-119.9629645, 38.9460944)",060170302013,"Block Group 3, Census Tract 302.01, El Dorado County, California",917,407,301,177,0,13,0,13,48,57,0,13,528,364,56222,7833,250,115,144,98,106,67,250,115
2333 Eloise Ave. South Lake Tahoe CA 96150,CA0900636,"c(-119.9947609, 38.9217982)",060170304031,"Block Group 1, Census Tract 304.03, El Dorado County, California",491,184,439,171,0,13,0,13,52,68,0,13,0,13,58269,43595,266,120,229,117,37,33,266,120
1021 AL TAHOE BLVD SO LAKE TAHOE CA 96150,CA0900646,"c(-119.9770796, 38.9346553)",060170302011,"Block Group 1, Census Tract 302.01, El Dorado County, California",774,242,448,153,0,13,18,30,0,13,0,13,277,216,63315,28848,341,112,110,44,231,112,341,112
783 Emerald Bay Rd. South Lake Tahoe CA 96150,CA0900655,"c(-120.0115663, 38.91842)",060170304041,"Block Group 1, Census Tract 304.04, El Dorado County, California",887,484,749,403,0,13,0,13,36,45,0,13,67,76,66540,17497,259,103,101,48,158,99,259,103
1096 Herbert Ave. South Lake Tahoe 96150,CA0900666,"c(-119.9609996, 38.9438018)",060170302013,"Block Group 3, Census Tract 302.01, El Dorado County, California",917,407,301,177,0,13,0,13,48,57,0,13,528,364,56222,7833,250,115,144,98,106,67,250,115
3870 PIONEER TRAIL SOUTH LAKE TAHOE CA 96150,CA0900673,"c(-119.9474475, 38.9509685)",060170316021,"Block Group 1, Census Tract 316.02, El Dorado County, California",1197,423,467,243,3,4,0,13,557,317,0,13,114,100,45769,14876,420,112,131,70,289,98,420,112
3101 Center Street PLACERVILLE CA 95667,CA0910010,"c(-120.8026803, 38.7286898)",060170312003,"Block Group 3, Census Tract 312, El Dorado County, California",1750,552,1226,439,25,25,0,13,26,27,0,13,421,298,62338,42856,427,115,282,136,145,80,427,115
3095 N GREENWOOD AVE SANGER CA 93657,CA1000112,"c(-119.5666582, 36.7803705)",060190059162,"Block Group 2, Census Tract 59.16, Fresno County, California",1428,471,736,294,0,13,21,36,218,345,0,13,453,346,127755,50041,479,118,451,124,28,33,479,118
10950 W MCKINLEY FRESNO CA 93722,CA1000207,"c(-119.9878512, 36.764918)",060190041001,"Block Group 1, Census Tract 41, Fresno County, California",1880,557,813,226,30,36,0,13,139,121,0,13,817,534,54022,24001,578,121,360,79,218,111,578,121
11470 W CHURCH AVE FRESNO CA 93706,CA1000248,"c(-119.9963302, 36.7136471)",060190039005,"Block Group 5, Census Tract 39, Fresno County, California",1015,506,312,124,26,41,0,13,0,13,0,13,628,501,61827,9535,297,97,220,81,77,56,297,97
3530 S CHERRY FRESNO CA 93706,CA1000276,"c(-119.7808967, 36.6826057)",060190018001,"Block Group 1, Census Tract 18, Fresno County, California",1305,340,240,132,10,13,0,13,79,84,0,13,937,304,66023,38865,354,103,154,53,200,104,354,103
130 E LINCOLN FRESNO CA 93706,CA1000285,"c(-119.7889701, 36.6491882)",060190018004,"Block Group 4, Census Tract 18, Fresno County, California",1299,301,447,195,0,13,0,13,6,9,0,13,835,246,76422,17382,353,79,230,66,123,64,353,79
2140 E. Clubhouse Drive FRESNO CA 93730,CA1000496,"c(-119.743916, 36.9062387)",060190055032,"Block Group 2, Census Tract 55.03, Fresno County, California",2241,731,844,381,20,34,0,13,1212,589,0,13,139,110,157800,68528,850,219,746,209,104,94,850,219
2797 S ORANGE FRESNO CA 93725,CA1000512,"c(-119.7612427, 36.6981991)",060190015001,"Block Group 1, Census Tract 15, Fresno County, California",703,323,117,75,3,4,0,13,169,218,0,13,414,182,45208,8179,169,71,119,56,50,44,169,71
7064 E. Belmont FRESNO CA 93727,CA1000624,"c(-119.6627278, 36.7507075)",060190059043,"Block Group 3, Census Tract 59.04, Fresno County, California",2602,627,1129,282,16,27,0,13,481,328,0,13,749,409,97917,31181,831,209,761,218,70,49,831,209
6639 Parkway Drive FRESNO CA 93722,CA1000646,"c(-119.8930904, 36.8353312)",060190042152,"Block Group 2, Census Tract 42.15, Fresno County, California",2582,640,892,369,38,31,0,13,556,227,0,13,751,437,91372,13837,707,160,548,153,159,91,707,160
7660 MYRTLE AVE EUREKA CA 90274,CA1200698,"c(-124.1636729, 40.8020712)",060230005001,"Block Group 1, Census Tract 5, Humboldt County, California",1412,267,809,240,184,133,36,34,39,50,0,13,237,188,34688,8154,477,135,112,77,365,120,477,135
1323 Shell Canyon Rd. Ocotillo CA 92259,CA1300611,"c(-116.003174, 32.7488953)",060250123012,"Block Group 2, Census Tract 123.01, Imperial County, California",4765,545,513,141,856,161,45,26,95,77,18,19,3153,439,42011,33566,259,101,180,71,79,61,259,101
99620 Tripoli Dr. Mecca CA 92254,CA1310011,"c(-115.9285523, 33.5128927)",060650456122,"Block Group 2, Census Tract 456.12, Riverside County, California",594,538,182,261,0,13,0,13,0,13,0,13,412,482,NA,NA,169,88,98,74,71,76,169,88
1700 E. Carr Road CALEXICO CA 92231,CA1310017,"c(-115.3822628, 32.6798799)",060250119032,"Block Group 2, Census Tract 119.03, Imperial County, California",2108,578,21,36,48,66,17,27,10,19,0,13,2012,561,49023,23116,425,114,346,99,79,63,425,114
15 Wedding Ln. Bakersfield CA 93315,CA1500508,"c(-119.0814693, 35.3827674)",060290005072,"Block Group 2, Census Tract 5.07, Kern County, California",1576,540,752,269,1,9,0,13,108,105,0,13,491,344,68600,15269,506,144,357,134,149,88,506,144
158 WHITE RIVER ROAD GLENNVILLE CA 93226,CA1502163,"c(-118.7056334, 35.7300559)",060290052083,"Block Group 3, Census Tract 52.08, Kern County, California",916,376,737,305,4,7,16,22,0,13,0,13,51,48,70540,34617,421,156,371,141,50,36,421,156
1262 ROSAMOND BLVD ROSAMOND CA 93560,CA1502247,"c(-118.1544174, 34.8635248)",060290058042,"Block Group 2, Census Tract 58.04, Kern County, California",1771,790,399,220,546,612,0,13,71,94,0,13,755,527,NA,NA,578,216,98,64,480,214,578,216
29700 WOODFORD ROAD KEENE CA 93531,CA1502664,"c(-118.61481, 35.224821)",060290060091,"Block Group 1, Census Tract 60.09, Kern County, California",572,280,365,171,15,33,0,13,19,33,0,13,146,152,94150,25829,247,104,239,102,8,14,247,104
10032 Bloemfontein Ct TEHACHAPI CA 93561,CA1502724,"c(-118.3245419, 35.1712164)",060290060042,"Block Group 2, Census Tract 60.04, Kern County, California",521,185,339,97,1,2,0,13,3,7,0,13,116,131,44201,5424,277,74,236,67,41,37,277,74
4000 RIO DEL NORTE STREET BAKERSFIELD CA 93308,CA1510041,"c(-119.0315815, 35.442011)",060290001041,"Block Group 1, Census Tract 1.04, Kern County, California",1327,500,753,341,0,13,0,13,383,369,0,13,191,234,49167,16134,410,116,109,83,301,133,410,116
15783 18TH AVENUE LEMOORE CA 93245,CA1600008,"c(-119.7803765, 36.2434949)",060310016012,"Block Group 2, Census Tract 16.01, Kings County, California",1767,262,376,177,3,6,662,151,43,54,0,13,674,223,53882,15865,433,90,203,76,230,65,433,90
9301 Lacey Blvd. Hanford CA 93230,CA1600296,"c(-119.6239539, 36.3261621)",060310008004,"Block Group 4, Census Tract 8, Kings County, California",500,201,235,133,0,13,0,13,5,8,0,13,246,148,33304,18229,207,68,87,36,120,62,207,68
14564 Emerford Rd COBB CA 95461,CA1700501,"c(-122.7252987, 38.8453987)",060330011022,"Block Group 2, Census Tract 11.02, Lake County, California",513,301,456,269,0,13,0,13,0,13,0,13,57,82,138138,109473,196,99,174,104,22,37,196,99
8508 PARADISE LAGOON DR. LUCERNE CA 95458,CA1700516,"c(-122.7529401, 39.0417948)",060330006021,"Block Group 1, Census Tract 6.02, Lake County, California",727,303,481,216,1,2,0,13,149,186,0,13,73,89,70221,37327,301,108,198,92,103,65,301,108
15985 Bottle Rock Road COBB CA 95426,CA1700526,"c(-122.7304675, 38.8295456)",060330011021,"Block Group 1, Census Tract 11.02, Lake County, California",784,435,782,435,1,2,0,13,0,13,0,13,1,2,52176,27494,385,173,269,154,116,75,385,173
15761 BOTTLE ROCK ROAD COBB CA 95426,CA1700530,"c(-122.735464, 38.831842)",060330011021,"Block Group 1, Census Tract 11.02, Lake County, California",784,435,782,435,1,2,0,13,0,13,0,13,1,2,52176,27494,385,173,269,154,116,75,385,173
16320 High Road COBB CA 95426,CA1700542,"c(-122.7212036, 38.8229037)",060330011021,"Block Group 1, Census Tract 11.02, Lake County, California",784,435,782,435,1,2,0,13,0,13,0,13,1,2,52176,27494,385,173,269,154,116,75,385,173
11310 FOREST OAKS DRIVE COBB CA 95453,CA1700544,"c(-122.698752, 38.861556)",060330011011,"Block Group 1, Census Tract 11.01, Lake County, California",860,263,770,251,17,28,0,13,0,13,0,13,34,35,52287,9121,456,137,389,141,67,45,456,137
9066 Diamond Dust Trail KELSEYVILLE CA 95451,CA1700552,"c(-122.7521131, 38.9060608)",060330011011,"Block Group 1, Census Tract 11.01, Lake County, California",860,263,770,251,17,28,0,13,0,13,0,13,34,35,52287,9121,456,137,389,141,67,45,456,137
9564 HWY. 175 KELSEYVILLE CA 95451,CA1700563,"c(-122.7290559, 38.8872941)",060330011011,"Block Group 1, Census Tract 11.01, Lake County, California",860,263,770,251,17,28,0,13,0,13,0,13,34,35,52287,9121,456,137,389,141,67,45,456,137
11270 Gifford Springs Rd. Lakeport CA 95426,CA1700574,"c(-122.6972017, 38.8169649)",060330013025,"Block Group 5, Census Tract 13.02, Lake County, California",458,303,415,292,5,9,4,10,0,13,0,13,7,8,45804,44967,158,98,143,95,15,23,158,98
16535 DAM ROAD CLEARLAKE CA 95422,CA1700581,"c(-122.6036555, 38.9233347)",060330007022,"Block Group 2, Census Tract 7.02, Lake County, California",2030,617,828,385,0,13,0,13,7,16,0,13,1159,614,43656,4635,579,130,381,110,198,106,579,130
100 Tamarack Street HERLONG CA 96113,CA1805009,"c(-120.156427, 40.1431321)",060350406001,"Block Group 1, Census Tract 406, Lassen County, California",1001,284,792,243,102,86,73,82,0,13,0,13,34,66,50588,17861,454,116,283,94,171,75,454,116
9227 Pitkin St. Rosemead CA 91770,CA1900009,"c(-118.0669464, 34.0870872)",060374322021,"Block Group 1, Census Tract 4322.02, Los Angeles County, California",1502,461,22,17,1,3,0,13,1031,442,0,13,448,281,72500,15686,406,109,229,82,177,99,406,109
"12087 LOPEZ CANYON RD, KAGEL CANYON, CA 91342-6063",CA1900122,"c(-118.4043879, 34.2926382)",060379304002,"Block Group 2, Census Tract 9304, Los Angeles County, California",532,108,192,83,43,57,0,13,44,43,0,13,253,90,126518,62631,161,36,137,32,24,15,161,36
49847 Gorman School Road GORMAN CA 93243,CA1900912,"c(-118.8541048, 34.7927235)",060379012091,"Block Group 1, Census Tract 9012.09, Los Angeles County, California",1418,202,749,182,53,65,11,17,38,34,0,13,520,212,72500,13112,478,69,351,74,127,43,478,69
5044 COGSWELL ROAD EL MONTE CA 91732,CA1910141,"c(-118.004701, 34.091753)",060374325021,"Block Group 1, Census Tract 4325.02, Los Angeles County, California",2097,1096,70,77,0,13,0,13,751,414,43,71,1233,1051,67353,11580,458,132,260,137,198,126,458,132
26065 OUTBACK INDUSTRIAL WAY ONEALS CA 93645,CA2000203,"c(-119.7335325, 37.1289582)",060390001101,"Block Group 1, Census Tract 1.10, Madera County, California",942,625,794,624,0,13,0,13,0,13,0,13,137,168,72431,6198,244,108,243,108,1,3,244,108
40093 CA-41 Oakhurst CA 93644,CA2000578,"c(-119.654964, 37.3312208)",060390001042,"Block Group 2, Census Tract 1.04, Madera County, California",1517,566,998,491,0,13,0,13,12,20,0,13,507,324,53401,17770,531,157,389,137,142,100,531,157
40094 Indian Springs Rd. Oakhurst CA 93644,CA2000614,"c(-119.6392859, 37.3335418)",060390001044,"Block Group 4, Census Tract 1.04, Madera County, California",1013,410,874,352,0,13,0,13,24,27,0,13,104,114,110588,21088,406,143,391,142,15,24,406,143
9988 CA-140 El Portal CA 95318,CA2202048,"c(-119.8489969, 37.6612069)",060430003021,"Block Group 1, Census Tract 3.02, Mariposa County, California",534,211,323,104,0,13,105,112,0,13,0,13,93,138,40469,27456,267,94,199,77,68,73,267,94
9010 Curry Village Dr. Yosemite National Park CA 95389,CA2210518,"c(-119.5730321, 37.7385474)",060430004001,"Block Group 1, Census Tract 4, Mariposa County, California",1536,434,1088,343,104,118,0,13,60,71,0,13,268,151,44773,7639,414,170,117,91,297,151,414,170
2916 N. MCKEE RD. MERCED CA 95340,CA2400176,"c(-120.4427394, 37.3121453)",060470012004,"Block Group 4, Census Tract 12, Merced County, California",1620,600,897,403,17,21,0,13,77,83,0,13,604,338,81875,37749,592,200,488,197,104,63,592,200
11019 W. EUCALYPTUS AVENUE LIVINGSTON CA 95334,CA2400346,"c(-120.6865798, 37.4036234)",060470003013,"Block Group 3, Census Tract 3.01, Merced County, California",3269,780,226,121,0,13,0,13,523,290,0,13,2480,765,56047,16719,748,155,383,108,365,123,748,155
28960 Gonzaga Rd. Santa Nella CA 95322,CA2410306,"c(-121.0157927, 37.0554059)",060470021001,"Block Group 1, Census Tract 21, Merced County, California",1715,569,728,298,0,13,0,13,0,13,20,39,948,473,53150,16684,509,149,185,83,324,131,509,149
38787 Dinosaur Point Rd. Hollister CA 95023,CA2410307,"c(-121.2115976, 37.0650473)",060855135001,"Block Group 1, Census Tract 5135, Santa Clara County, California",1225,274,644,213,10,15,0,13,116,124,0,13,435,215,121213,27062,347,54,251,50,96,48,347,54
904 Benton Crossing Rd. Crowley Lake CA 93546,CA2600633,"c(-118.8117699, 37.6301631)",060510001014,"Block Group 4, Census Tract 1.01, Mono County, California",1372,462,851,292,0,13,0,13,31,63,0,13,490,345,70781,50659,407,163,314,138,93,66,407,163
730 W. Market St. Salinas CA 93901,CA2702624,"c(-121.6703017, 36.6832937)",060530018013,"Block Group 3, Census Tract 18.01, Monterey County, California",153,132,0,13,0,13,0,13,0,13,0,13,153,132,NA,NA,38,33,8,15,30,29,38,33
6303 Montana Rd. San Miguel CA 93451,CA2710706,"c(-120.6962826, 35.7524679)",060790100162,"Block Group 2, Census Tract 100.16, San Luis Obispo County, California",2536,681,619,276,0,13,0,13,52,44,0,13,1824,712,63171,5638,715,155,404,125,311,129,715,155
4048 SONOMA HIGHWAY NAPA CA 94559,CA2800538,"c(-122.3353094, 38.2557651)",060552011021,"Block Group 1, Census Tract 2011.02, Napa County, California",1380,268,1145,254,14,32,70,97,110,56,0,13,38,40,119107,27663,515,95,389,99,126,54,515,95
150 SILVERADO TRAIL NAPA CA 94558,CA2800548,"c(-122.2728546, 38.2890933)",060552003011,"Block Group 1, Census Tract 2003.01, Napa County, California",1938,490,1174,340,0,13,0,13,66,57,0,13,635,434,85744,13703,811,149,402,92,409,127,811,149
1601 Silverado Trail ST HELENA CA 94574,CA2801045,"c(-122.4167027, 38.4888619)",060552015002,"Block Group 2, Census Tract 2015, Napa County, California",755,214,341,101,0,13,0,13,0,13,0,13,305,163,137250,69245,257,58,206,49,51,36,257,58
12515 COMBIE RD AUBURN CA 95603,CA2900540,"c(-121.0625332, 39.0213649)",060570001061,"Block Group 1, Census Tract 1.06, Nevada County, California",1076,506,1047,509,0,13,0,13,0,13,0,13,14,27,NA,NA,355,163,328,161,27,35,355,163
17530 Lake Vera-Purdon Rd NEVADA CITY CA 95959,CA2902376,"c(-121.0299736, 39.3010355)",060570008011,"Block Group 1, Census Tract 8.01, Nevada County, California",1783,474,1479,445,0,13,0,13,123,124,0,13,151,210,66766,36268,639,128,520,122,119,104,639,128
12800 Interstate 80 TRUCKEE CA 96161,CA2905004,"c(-120.131341, 39.3620534)",060570012053,"Block Group 3, Census Tract 12.05, Nevada County, California",521,241,488,234,0,13,0,13,6,10,0,13,27,30,123365,45085,256,114,241,111,15,18,256,114
13118 SARGENT JACOBS DRIVE NEVADA CITY CA 95959,CA2910007,"c(-120.9089407, 39.2639831)",060570007016,"Block Group 6, Census Tract 7.01, Nevada County, California",1835,462,1681,448,0,13,0,13,0,13,0,13,146,148,72375,30547,808,200,710,214,98,73,808,200
28436 Airoso St. Ladera Ranch CA 92694,CA3000852,"c(-117.596468, 33.5470406)",060590320665,"Block Group 5, Census Tract 320.66, Orange County, California",251,205,100,123,0,13,0,13,107,98,0,13,18,29,135962,52051,72,53,72,53,0,13,72,53
35005 Beach Rd. Dana Point CA 92624,CA3010055,"c(-117.6672614, 33.4543862)",060590422015,"Block Group 5, Census Tract 422.01, Orange County, California",992,308,894,296,21,34,0,13,0,13,23,36,28,53,101776,39071,497,138,443,138,54,49,497,138
500 CAMERON STREET PLACENTIA CA 92870,CA3010070,"c(-117.8693749, 33.8682905)",060590117222,"Block Group 2, Census Tract 117.22, Orange County, California",442,107,295,88,0,13,0,13,0,13,0,13,147,79,43400,14366,280,74,248,76,32,34,280,74
740 Timberland Ln. Tahoe City CA 96145,CA3100029,"c(-120.165335, 39.1296325)",060610221002,"Block Group 2, Census Tract 221, Placer County, California",93,81,93,81,0,13,0,13,0,13,0,13,0,13,NA,NA,41,35,36,34,5,8,41,35
8401 Boulder Creek Pl. Penryn CA 95663,CA3103257,"c(-121.1667594, 38.833701)",060610206081,"Block Group 1, Census Tract 206.08, Placer County, California",2369,636,1656,406,99,103,54,82,3,7,0,13,373,346,206106,60179,727,183,577,190,150,91,727,183
1588 LISA DRIVE NEWCASTLE CA 95658,CA3110033,"c(-121.133091, 38.8596134)",060610205022,"Block Group 2, Census Tract 205.02, Placer County, California",536,127,441,127,0,13,0,13,16,19,0,13,33,34,NA,NA,307,58,299,59,8,13,307,58
179 Rogers Avenue QUINCY CA 95971,CA3210008,"c(-120.9106894, 39.9381114)",060630001003,"Block Group 3, Census Tract 1, Plumas County, California",502,210,387,183,94,101,0,13,0,13,0,13,21,26,NA,NA,186,83,57,42,129,82,186,83
81450 Palo Verde Dr. N Indio CA 92201,CA3301046,"c(-116.243958, 33.7212834)",060650452172,"Block Group 2, Census Tract 452.17, Riverside County, California",2442,1165,258,174,540,700,0,13,0,13,0,13,1644,647,41641,35546,673,218,556,178,117,116,673,218
82225 AIRPORT BLVD THERMAL CA 92274,CA3301153,"c(-116.2311538, 33.640992)",060650456151,"Block Group 1, Census Tract 456.15, Riverside County, California",1801,519,366,357,0,13,0,13,0,13,0,13,1435,421,67171,36479,549,108,515,107,34,39,549,108
10805 PALM DRIVE DESERT HOT SPRINGS CA 92240,CA3301206,"c(-116.5017441, 33.9701063)",060650445182,"Block Group 2, Census Tract 445.18, Riverside County, California",2427,914,992,347,171,152,0,13,51,68,7,11,1103,687,57070,16455,741,163,475,148,266,133,741,163
83355 AVE 55 THERMAL CA 92274,CA3301276,"c(-116.1812568, 33.649466)",060650456152,"Block Group 2, Census Tract 456.15, Riverside County, California",835,463,6,12,0,13,0,13,0,13,0,13,829,464,13974,8074,499,266,376,267,123,75,499,266
58075 Jefferson St. La Quinta CA 92253,CA3301566,"c(-116.2682423, 33.611913)",060650444034,"Block Group 4, Census Tract 444.03, Riverside County, California",1430,520,681,271,2,4,67,51,68,48,0,13,511,348,47604,45858,495,155,359,151,136,84,495,155
43-778 E. Circle Dr. Indio 92201,CA3301735,"c(-116.2117039, 33.7308971)",060650453031,"Block Group 1, Census Tract 453.03, Riverside County, California",955,273,89,67,0,13,0,13,24,38,0,13,842,282,36094,10703,364,83,198,58,166,67,364,83
81800 51st Ave. Indio 92201,CA3302027,"c(-116.2371826, 33.6783701)",060650456061,"Block Group 1, Census Tract 456.06, Riverside County, California",897,250,748,223,1,3,0,13,0,13,0,13,130,99,43516,23416,568,192,551,191,17,20,568,192
"25898 Bundy Canyon Rd, Menifee, CA",CA3302093,"c(-117.2051413, 33.6415499)",060650432793,"Block Group 3, Census Tract 432.79, Riverside County, California",895,327,492,199,0,13,32,46,25,30,0,13,312,256,91597,23292,281,88,193,74,88,58,281,88
1001 El Cielo Rd. Palm Springs CA 92264,CA3303012,"c(-116.5115588, 33.8081197)",060659407001,"Block Group 1, Census Tract 9407, Riverside County, California",1375,201,988,134,12,9,18,19,27,18,9,12,298,149,63295,10120,683,84,481,66,202,55,683,84
52500 Temecula Rd. Idyllwild-Pine Cove CA 92549,CA3303081,"c(-116.7468366, 33.7337283)",060650444041,"Block Group 1, Census Tract 444.04, Riverside County, California",920,274,718,258,95,95,0,13,49,59,0,13,46,39,60200,25074,370,89,287,86,83,52,370,89
81400 Ave. 52 Indio CA 92201,CA3303085,"c(-116.2186488, 33.7140561)",060650495022,"Block Group 2, Census Tract 495.02, Riverside County, California",1666,821,29,68,35,46,0,13,0,13,0,13,1540,743,21250,7885,704,216,490,174,214,162,704,216
68555 POLK ST THERMAL CA 92274,CA3303100,"c(-116.1476332, 33.5499085)",060650456192,"Block Group 2, Census Tract 456.19, Riverside County, California",2230,877,78,52,0,13,17,26,0,13,0,13,2135,888,22609,3480,772,209,622,222,150,121,772,209
28755 El Toro Rd. Lake Elsinore CA 92532,CA3310015,"c(-117.3478625, 33.7032046)",060650430053,"Block Group 3, Census Tract 430.05, Riverside County, California",1445,451,495,226,0,13,0,13,44,53,0,13,817,397,51972,15952,453,130,297,104,156,97,453,130
10299 McCracken Dr. Rancho Cordova CA 95670,CA3400140,"c(-121.3080902, 38.5857696)",060670090081,"Block Group 1, Census Tract 90.08, Sacramento County, California",1670,676,897,528,126,106,0,13,391,446,0,13,246,123,64219,7522,529,153,396,120,133,114,529,153
6125 Stockton Blvd. Sacramento CA 95824,CA3400198,"c(-121.4358194, 38.514494)",060670032023,"Block Group 3, Census Tract 32.02, Sacramento County, California",1764,431,154,113,79,72,0,13,1025,313,0,13,506,317,23859,17442,633,132,151,72,482,118,633,132
8865 ELK GROVE BLVD ELK GROVE CA 95624,CA3400249,"c(-121.3731924, 38.4096684)",060670093083,"Block Group 3, Census Tract 93.08, Sacramento County, California",2250,1343,1838,1315,64,89,0,13,46,50,0,13,282,212,67279,30442,797,350,438,191,359,295,797,350
100 Oxbow Marina Dr. Isleton CA 95641,CA3400332,"c(-121.589958, 38.150015)",060670098001,"Block Group 1, Census Tract 98, Sacramento County, California",850,142,584,118,8,13,6,10,23,22,0,13,209,84,45054,12962,413,59,313,58,100,38,413,59
5800 Stockton Blvd. Sacramento CA 95827,CA3400352,"c(-121.4414507, 38.521592)",060670046032,"Block Group 2, Census Tract 46.03, Sacramento County, California",1551,607,343,150,118,183,0,13,667,619,0,13,382,191,39853,9310,616,170,124,86,492,185,616,170
4855 Hamilton St. Sacramento CA 95841,CA3400359,"c(-121.3648652, 38.6530776)",060670075041,"Block Group 1, Census Tract 75.04, Sacramento County, California",903,201,532,158,36,30,13,30,11,11,0,13,274,141,77361,29217,319,64,209,52,110,47,319,64
7676 BRADSHAW RD SACRAMENTO CA 95829,CA3400412,"c(-121.3355329, 38.4793433)",060670093113,"Block Group 3, Census Tract 93.11, Sacramento County, California",2197,511,923,448,184,143,0,13,567,219,122,171,184,113,86875,30880,638,110,480,96,158,75,638,110
3450 LONGVIEW DR SACRAMENTO CA 95821,CA3400468,"c(-121.3869152, 38.6392338)",060670074133,"Block Group 3, Census Tract 74.13, Sacramento County, California",1112,729,446,191,32,51,0,13,1,2,0,13,624,740,46453,35189,323,88,211,102,112,66,323,88
411 MCCLOSKEY RD HOLLISTER CA 95023,CA3500526,"c(-121.3936699, 36.8687387)",060690001002,"Block Group 2, Census Tract 1, San Benito County, California",1712,420,351,119,163,157,0,13,70,69,0,13,1035,414,69345,44974,487,91,333,93,154,79,487,91
37600 Hinkley Rd. Hinkley CA 92347,CA3600125,"c(-117.186761, 34.934567)",060710119001,"Block Group 1, Census Tract 119, San Bernardino County, California",220,170,70,74,0,13,0,13,5,9,0,13,145,152,42222,14698,88,64,88,64,0,13,88,64
1 Union Pacific Rd. Yermo CA 92398,CA3600316,"c(-116.820306, 34.9029673)",060710116021,"Block Group 1, Census Tract 116.02, San Bernardino County, California",1793,695,1200,580,0,13,0,13,136,217,0,13,376,281,57013,31564,843,369,441,221,402,290,843,369
51063 29 PALMS HWY MORONGO VALLEY CA 92256,CA3601055,"c(-116.5465857, 34.0690603)",060710104172,"Block Group 2, Census Tract 104.17, San Bernardino County, California",562,193,444,163,0,13,0,13,0,13,0,13,108,107,53429,11776,293,88,270,85,23,27,293,88
8353 N ALABAMA AV REDLANDS CA 92373,CA3601060,"c(-117.1617685, 34.0127473)",060710085022,"Block Group 2, Census Tract 85.02, San Bernardino County, California",1030,378,733,351,44,70,0,13,198,198,0,13,45,58,203854,130517,377,127,363,129,14,25,377,127
13500 Hamner Ave. Ontario 91761,CA3601094,"c(-117.5586063, 34.0089767)",060710019063,"Block Group 3, Census Tract 19.06, San Bernardino County, California",4127,866,1052,418,266,198,0,13,810,277,0,13,1818,725,104736,24887,1277,214,1159,229,118,118,1277,214
41972 GARSTIN DRIVE BIG BEAR LAKE CA 92315,CA3610061,"c(-116.8862588, 34.2466222)",060710112031,"Block Group 1, Census Tract 112.03, San Bernardino County, California",824,172,575,159,4,9,4,9,0,13,0,13,237,92,47222,13114,394,82,257,79,137,51,394,82
"14901 Central Avenue, Chino, CA 91710",CA3610853,"c(-117.6897007, 33.9768891)",060710001154,"Block Group 4, Census Tract 1.15, San Bernardino County, California",988,463,290,355,0,13,0,13,446,259,0,13,228,249,NA,NA,246,122,192,125,54,54,246,122
12570 Slaughterhouse Canyon Rd. Lakeside CA 92040,CA3705026,"c(-116.9504415, 32.9052952)",060730169011,"Block Group 1, Census Tract 169.01, San Diego County, California",1262,303,1074,275,0,13,16,33,67,62,0,13,105,89,120754,25164,437,96,423,95,14,24,437,96
2189 E Taylor St. Stockton CA 95205,CA3900726,"c(-121.2584563, 37.9509112)",060770019001,"Block Group 1, Census Tract 19, San Joaquin County, California",1085,453,12,21,129,158,0,13,0,13,0,13,944,450,54667,22499,332,117,97,58,235,98,332,117
16777 S. Howland Rd. Lathrop CA 95330,CA3900810,"c(-121.2760483, 37.8071297)",060770051192,"Block Group 2, Census Tract 51.19, San Joaquin County, California",411,234,87,87,0,13,0,13,86,130,0,13,238,175,51563,24587,96,57,43,38,53,41,96,57
13451 N EXTENSION RD LODI CA 95240,CA3901035,"c(-121.3112428, 38.1005081)",060770041061,"Block Group 1, Census Tract 41.06, San Joaquin County, California",654,238,332,129,0,13,0,13,115,177,0,13,207,179,74750,28113,215,50,192,56,23,26,215,50
3655 E CHEROKEE RD STOCKTON CA 95205,CA3901330,"c(-121.254492, 37.99175)",060770036012,"Block Group 2, Census Tract 36.01, San Joaquin County, California",1016,268,334,114,12,18,0,13,69,125,43,48,558,198,42708,27362,388,96,323,89,65,58,388,96
2431 E Mariposa Rd Stockton CA 95205,CA3901334,"c(-121.239114, 37.933807)",060770021002,"Block Group 2, Census Tract 21, San Joaquin County, California",1135,368,0,13,187,132,0,13,74,109,0,13,874,356,37500,25915,384,116,208,87,176,94,384,116
2350 N Ocean Ave Cayucos CA 93430,CA4000512,"c(-120.9103945, 35.4493366)",060790105041,"Block Group 1, Census Tract 105.04, San Luis Obispo County, California",605,236,446,208,0,13,0,13,50,39,0,13,97,80,57292,13915,322,109,133,59,189,92,322,109
4251 S HIGUERA SAN LUIS OBISPO CA 93401,CA4000711,"c(-120.6763374, 35.2416337)",060790116002,"Block Group 2, Census Tract 116, San Luis Obispo County, California",898,192,766,187,0,13,0,13,18,26,0,13,106,89,106830,41601,411,88,299,80,112,66,411,88
645 TANK FARM ROAD SAN LUIS OBISPO CA 93401,CA4000726,"c(-120.6455267, 35.2461283)",060790115052,"Block Group 2, Census Tract 115.05, San Luis Obispo County, California",1886,335,1568,320,0,13,0,13,83,73,0,13,229,124,95722,11564,836,148,520,76,316,148,836,148
269 TANK FARM ROAD SAN LUIS OBISPO CA 93401,CA4000728,"c(-120.6647014, 35.2457806)",060790115052,"Block Group 2, Census Tract 115.05, San Luis Obispo County, California",1886,335,1568,320,0,13,0,13,83,73,0,13,229,124,95722,11564,836,148,520,76,316,148,836,148
3601 Sacramento Dr. San Luis Obispo CA 93401,CA4000743,"c(-120.6424149, 35.2546513)",060790115052,"Block Group 2, Census Tract 115.05, San Luis Obispo County, California",1886,335,1568,320,0,13,0,13,83,73,0,13,229,124,95722,11564,836,148,520,76,316,148,836,148
"2330 A Street, Suite A SANTA MARIA CA 93455",CA4010040,"c(-120.4635844, 34.9188918)",060830020112,"Block Group 2, Census Tract 20.11, Santa Barbara County, California",604,233,271,139,0,13,0,13,0,13,0,13,264,175,NA,NA,306,140,282,140,24,24,306,140
5070 Cathedral Oaks Rd. Santa Barbara CA 93111,CA4200647,"c(-119.7987389, 34.4521956)",060830029071,"Block Group 1, Census Tract 29.07, Santa Barbara County, California",2062,718,1625,690,0,13,0,13,166,168,0,13,192,190,189093,24613,667,165,501,95,166,159,667,165
1701 Betteravia Rd. Santa Maria CA 93454,CA4200959,"c(-120.4003803, 34.9240151)",060830020062,"Block Group 2, Census Tract 20.06, Santa Barbara County, California",1158,282,643,253,7,11,0,13,0,13,0,13,506,128,113015,52505,375,85,299,83,76,32,375,85
21401 Prospect Rd. Saratoga CA 95070,CA4300504,"c(-122.047299, 37.2907335)",060855077023,"Block Group 3, Census Tract 5077.02, Santa Clara County, California",2423,653,333,168,0,13,0,13,1937,618,0,13,0,13,250001,NA,715,163,541,120,174,135,715,163
441 La Cuesta Dr. Scotts Valley CA 95066,CA4400539,"c(-122.0275944, 37.0383332)",060871208002,"Block Group 2, Census Tract 1208, Santa Cruz County, California",1758,311,1307,260,0,13,0,13,220,180,68,105,104,146,126250,73689,757,160,648,118,109,112,757,160
11255 LOMPICO ROAD FELTON CA 95018,CA4410015,"c(-122.0479872, 37.1111704)",060871206002,"Block Group 2, Census Tract 1206, Santa Cruz County, California",1877,345,1406,252,28,36,0,13,55,39,0,13,208,124,102845,13683,850,131,713,106,137,94,850,131
15611 Rock Creek Road SHASTA CA 96087,CA4500001,"c(-122.4812196, 40.617222)",060890124001,"Block Group 1, Census Tract 124, Shasta County, California",1207,309,1106,304,3,4,6,7,15,18,0,13,45,41,42583,6844,453,84,338,85,115,52,453,84
44304 A St McArthur CA 96056,CA4500084,"c(-121.3969339, 41.051744)",060890127022,"Block Group 2, Census Tract 127.02, Shasta County, California",1144,376,693,254,5,11,11,21,5,11,0,13,275,241,41000,13951,462,117,260,92,202,111,462,117
21375 MAIN STREET LAKEHEAD CA 96051,CA4500136,"c(-122.3830404, 40.9062012)",060890125002,"Block Group 2, Census Tract 125, Shasta County, California",896,161,760,157,6,9,0,13,55,75,0,13,40,45,45792,12811,399,70,326,63,73,43,399,70
2543 CORDELIA RD FAIRFIELD CA 94534-1676,CA4810037,"c(-122.1063135, 38.231285)",060952523051,"Block Group 1, Census Tract 2523.05, Solano County, California",1682,542,673,389,53,82,0,13,676,323,0,13,192,137,106927,17340,559,170,324,140,235,97,559,170
433 Fulton Road SANTA ROSA CA 95401,CA4900676,"c(-122.7710645, 38.4438594)",060971530053,"Block Group 3, Census Tract 1530.05, Sonoma County, California",952,226,858,225,0,13,0,13,62,87,0,13,32,40,43036,22945,551,128,348,77,203,122,551,128
3455 Santa Rosa Avenue SANTA ROSA CA 95407,CA4900786,"c(-122.7149279, 38.3934868)",060971514053,"Block Group 3, Census Tract 1514.05, Sonoma County, California",955,431,503,278,36,54,0,13,0,13,0,13,396,347,67642,33572,283,102,143,73,140,90,283,102
3521 Santa Rosa Avenue SANTA ROSA CA 95407,CA4900855,"c(-122.714586, 38.3908595)",060971514053,"Block Group 3, Census Tract 1514.05, Sonoma County, California",955,431,503,278,36,54,0,13,0,13,0,13,396,347,67642,33572,283,102,143,73,140,90,283,102
385 Mark West Springs Road SANTA ROSA CA 95404,CA4900890,"c(-122.740282, 38.5021167)",060971527021,"Block Group 1, Census Tract 1527.02, Sonoma County, California",1110,286,932,259,11,21,0,13,20,32,0,13,87,94,128375,27392,410,100,361,96,49,42,410,100
9580 Sonoma Highway KENWOOD CA 95452,CA4900922,"c(-122.5462232, 38.4140472)",060971505011,"Block Group 1, Census Tract 1505.01, Sonoma County, California",331,174,282,160,0,13,0,13,49,57,0,13,0,13,NA,NA,245,118,236,116,9,14,245,118
3200 Moorland Avenue SANTA ROSA CA 95407,CA4901195,"c(-122.717189, 38.4002454)",060971532022,"Block Group 2, Census Tract 1532.02, Sonoma County, California",3074,881,508,609,0,13,0,13,33,53,0,13,2484,761,75925,45227,801,235,205,100,596,234,801,235
5901 Old Redwood Highway SANTA ROSA CA 95403,CA4901311,"c(-122.7782561, 38.523692)",060971527015,"Block Group 5, Census Tract 1527.01, Sonoma County, California",1284,277,802,239,0,13,0,13,49,59,11,26,352,168,40294,21630,696,141,600,152,96,73,696,141
4401 Slusser Road WINDSOR CA 95492,CA4901387,"c(-122.8326455, 38.4988928)",060971538101,"Block Group 1, Census Tract 1538.10, Sonoma County, California",1050,405,774,353,2,4,115,184,2,3,0,13,157,147,103482,35084,291,97,214,91,77,57,291,97
2455 Frates Road PETALUMA CA 94972,CA4901389,"c(-122.5801281, 38.2497989)",060971506111,"Block Group 1, Census Tract 1506.11, Sonoma County, California",848,167,751,150,0,13,0,13,69,66,0,13,27,34,127227,34213,333,69,310,66,23,35,333,69
1078 S Wright Rd. Santa Rosa 95407,CA4901410,"c(-122.7686631, 38.4200135)",060971533013,"Block Group 3, Census Tract 1533.01, Sonoma County, California",4424,737,1250,525,70,68,0,13,243,249,0,13,2493,740,107532,27102,1045,176,578,183,467,135,1045,176
1589 Hampton Way SANTA ROSA CA 95407,CA4901439,"c(-122.7375767, 38.4288469)",060971531042,"Block Group 2, Census Tract 1531.04, Sonoma County, California",512,165,184,87,12,20,0,13,5,12,0,13,311,161,48042,27683,211,76,165,65,46,53,211,76
15000 Arnold Drive ELDRIDGE CA 95431,CA4910202,"c(-122.5177776, 38.3484744)",060971505021,"Block Group 1, Census Tract 1505.02, Sonoma County, California",973,306,655,266,8,16,15,33,9,21,0,13,126,86,144219,38022,355,106,200,90,155,99,355,106
4812 Esmar Rd Ceres CA 95307,CA5000051,"c(-120.9267211, 37.5677001)",060990030022,"Block Group 2, Census Tract 30.02, Stanislaus County, California",2020,668,558,292,15,28,0,13,0,13,0,13,1384,670,65298,42132,546,148,412,121,134,98,546,148
4920 Faith Home Rd Ceres CA 95307,CA5000057,"c(-120.9179084, 37.5662226)",060990030024,"Block Group 4, Census Tract 30.02, Stanislaus County, California",1990,784,313,168,0,13,0,13,39,45,0,13,1556,768,52077,14608,572,191,456,179,116,102,572,191
2048 E GRAYSON ROAD CERES CA 95307,CA5000077,"c(-120.9577958, 37.5656874)",060990030021,"Block Group 1, Census Tract 30.02, Stanislaus County, California",1581,712,425,287,0,13,0,13,45,69,0,13,1085,715,67174,11031,409,164,248,124,161,112,409,164
5061 Nunes Rd. Turlock CA 95382,CA5000085,"c(-120.9003871, 37.5518177)",060990029015,"Block Group 5, Census Tract 29.01, Stanislaus County, California",1218,378,765,262,0,13,0,13,0,13,0,13,419,207,58795,27148,389,79,293,75,96,63,389,79
4124 W BARNHART ROAD TURLOCK CA 95382,CA5000086,"c(-120.8964072, 37.5437528)",060990036033,"Block Group 3, Census Tract 36.03, Stanislaus County, California",1599,664,1365,687,0,13,0,13,33,37,0,13,201,158,64693,17106,603,233,334,179,269,155,603,233
6643 Faith Home Rd Ceres CA 95307,CA5000217,"c(-120.9209094, 37.5417313)",060990036034,"Block Group 4, Census Tract 36.03, Stanislaus County, California",1184,539,721,350,0,13,0,13,0,13,0,13,463,352,62404,23779,329,101,203,94,126,59,329,101
136 WEBER AVE PATTERSON CA 95363,CA5000271,"c(-121.126788, 37.4750354)",060990032012,"Block Group 2, Census Tract 32.01, Stanislaus County, California",1814,479,84,65,0,13,0,13,0,13,0,13,1712,477,41446,4296,417,90,221,80,196,82,417,90
3461 Roeding Rd Ceres CA 95307,CA5000308,"c(-120.9322397, 37.5880413)",060990030041,"Block Group 1, Census Tract 30.04, Stanislaus County, California",2192,1738,1176,908,0,13,29,52,29,55,0,13,958,931,NA,NA,529,302,431,317,98,63,529,302
4043 Crows Landing Rd Modesto CA 95358,CA5000484,"c(-120.9960675, 37.5788452)",060990031003,"Block Group 3, Census Tract 31, Stanislaus County, California",2184,565,817,267,0,13,25,23,163,231,0,13,1172,459,43864,22952,742,170,329,112,413,178,742,170
5837 N GOLDEN STATE BLVD TURLOCK CA 95382,CA5000570,"c(-120.9005539, 37.5460332)",060990036033,"Block Group 3, Census Tract 36.03, Stanislaus County, California",1599,664,1365,687,0,13,0,13,33,37,0,13,201,158,64693,17106,603,233,334,179,269,155,603,233
2620 COLUSA HIGHWAY YUBA CITY CA 95993,CA5100176,"c(-121.6641582, 39.1403464)",061010505012,"Block Group 2, Census Tract 505.01, Sutter County, California",535,191,367,139,0,13,0,13,0,13,0,13,168,134,70208,35735,193,57,162,59,31,22,193,57
2468 TIERRA BUENA ROAD YUBA CITY CA 95993,CA5105009,"c(-121.6633562, 39.1634025)",061010506011,"Block Group 1, Census Tract 506.01, Sutter County, California",1450,415,1066,397,2,4,0,13,106,142,0,13,266,283,84417,40139,477,127,372,129,105,72,477,127
2120 FIG LANE CORNING CA 96021,CA5200516,"c(-122.1966098, 39.9213609)",061030011022,"Block Group 2, Census Tract 11.02, Tehama County, California",1624,685,467,227,0,13,19,26,52,83,0,13,1033,633,26353,10170,790,271,269,145,521,236,790,271
8255 HIGHWAY 99 E LOS MOLINOS CA 96055,CA5200550,"c(-122.1001844, 40.0354856)",061030009002,"Block Group 2, Census Tract 9, Tehama County, California",1291,480,726,237,0,13,7,11,0,13,0,13,531,420,25972,17412,470,133,324,93,146,88,470,133
25095 TEHAMA VINA ROAD LOS MOLINOS CA 96055,CA5201137,"c(-122.102108, 40.030265)",061030009002,"Block Group 2, Census Tract 9, Tehama County, California",1291,480,726,237,0,13,7,11,0,13,0,13,531,420,25972,17412,470,133,324,93,146,88,470,133
415 3rd Ave. Lewiston CA 96052,CA5301003,"c(-122.8065196, 40.701404)",061050001012,"Block Group 2, Census Tract 1.01, Trinity County, California",1365,308,1125,255,1,2,20,28,106,108,0,13,44,36,47098,4139,543,98,377,86,166,67,543,98
7480 AVENUE 308 VISALIA CA 93291,CA5400507,"c(-119.406244, 36.3499852)",061070009012,"Block Group 2, Census Tract 9.01, Tulare County, California",4869,1151,444,272,0,13,0,13,271,136,0,13,3724,979,59750,38977,1289,289,889,179,400,258,1289,289
612 S CHINOWTH ST VISALIA CA 93277,CA5400570,"c(-119.3348579, 36.3249974)",061070020081,"Block Group 1, Census Tract 20.08, Tulare County, California",1986,370,669,224,110,97,27,50,34,45,0,13,1010,260,31616,4567,814,158,33,26,781,162,814,158
59 S. INDIANA STREET PORTERVILLE CA 93257,CA5400600,"c(-119.0355615, 36.0648784)",061070041031,"Block Group 1, Census Tract 41.03, Tulare County, California",1201,556,140,139,0,13,0,13,0,13,0,13,1061,548,56263,3813,289,127,184,99,105,65,289,127
1935 N. BEVERLY STREET PORTERVILLE CA 93257,CA5400651,"c(-119.049243, 36.1007963)",061070035041,"Block Group 1, Census Tract 35.04, Tulare County, California",1541,1028,325,356,0,13,0,13,0,13,0,13,1040,959,74919,71568,312,154,312,154,0,13,312,154
4856 Avenue 309 Visalia CA 93291,CA5400957,"c(-119.4650617, 36.3515234)",061070009011,"Block Group 1, Census Tract 9.01, Tulare County, California",978,556,223,156,0,13,0,13,0,13,0,13,738,562,29189,28697,234,104,102,67,132,84,234,104
2400 W. MID VALLEY AVE VISALIA CA 93277,CA5400966,"c(-119.3188863, 36.2902286)",061070020103,"Block Group 3, Census Tract 20.10, Tulare County, California",2017,832,1045,279,1,2,7,12,144,171,0,13,657,781,86750,30770,787,229,727,221,60,41,787,229
15641 AVE. 384 VISALIA CA 93292,CA5402039,"c(-119.2225208, 36.4858267)",061070008021,"Block Group 1, Census Tract 8.02, Tulare County, California",896,371,76,69,0,13,0,13,0,13,0,13,783,357,54403,19690,207,79,57,36,150,71,207,79
38845 MONSON DR DINUBA CA 93618,CA5402043,"c(-119.3400756, 36.4947902)",061070003043,"Block Group 3, Census Tract 3.04, Tulare County, California",565,289,192,105,0,13,0,13,0,13,0,13,366,258,51364,8936,140,60,87,37,53,45,140,60
19743 AVE 344 WOODLAKE CA 93286,CA5403010,"c(-119.1308458, 36.413667)",061070007012,"Block Group 2, Census Tract 7.01, Tulare County, California",1281,663,489,214,0,13,13,22,1,5,0,13,778,646,30424,11800,475,165,208,66,267,150,475,165
2393 E. SPRINGVILLE PORTERVILLE CA 93257,CA5403038,"c(-118.964122, 36.0548607)",061070039024,"Block Group 4, Census Tract 39.02, Tulare County, California",251,103,174,89,0,13,0,13,0,13,0,13,77,59,20625,15370,118,47,43,29,75,42,118,47
1465 E TYLER AVE LANE PORTERVILLE CA 93257,CA5403149,"c(-118.9845654, 36.059542)",061070039022,"Block Group 2, Census Tract 39.02, Tulare County, California",1659,503,465,203,0,13,0,13,28,37,13,23,1128,511,21016,14141,464,96,209,73,255,86,464,96
629 E Date Ave Porterville CA 93257,CA5403202,"c(-119.0031127, 36.0579409)",061070039041,"Block Group 1, Census Tract 39.04, Tulare County, California",1432,641,74,63,0,13,0,13,0,13,0,13,1358,644,18634,12731,369,121,171,65,198,117,369,121
538 W. MATHENY TULARE CA 93274,CA5410033,"c(-119.3552737, 36.1672141)",061070031002,"Block Group 2, Census Tract 31, Tulare County, California",2148,399,360,105,49,53,16,17,0,13,0,13,1671,396,50511,8912,539,80,251,62,288,65,539,80
18 Pinecreat Lake Rd Pinecrest CA 95364,CA5500157,"c(-119.9972222, 38.1908333)",061090031032,"Block Group 2, Census Tract 31.03, Tuolumne County, California",328,181,229,162,0,13,0,13,50,69,0,13,38,44,42379,35046,135,111,0,13,135,111,135,111
18249 East Telegraph Road SANTA PAULA CA 93060,CA5601206,"c(-119.0509023, 34.3551837)",061110006003,"Block Group 3, Census Tract 6, Ventura County, California",1738,537,21,33,18,22,0,13,0,13,0,13,1699,540,55417,32081,498,182,75,38,423,182,498,182
999 E GRANT AVE WINTERS CA 95694,CA5700600,"c(-121.9566207, 38.5303849)",061130113011,"Block Group 1, Census Tract 113.01, Yolo County, California",937,245,803,233,0,13,0,13,15,25,0,13,119,115,134000,92635,388,102,251,76,137,103,388,102
38925 Aspen St Woodland CA 95695,CA5700649,"c(-121.785445, 38.6926668)",061130112083,"Block Group 3, Census Tract 112.08, Yolo County, California",1499,579,1026,490,8,18,0,13,30,51,0,13,435,328,76365,3372,439,169,274,152,165,106,439,169
"515 KENTUCKY AVENUE, woodland, CA 95695",CA5700770,"c(-121.7743277, 38.692433)",061130112083,"Block Group 3, Census Tract 112.08, Yolo County, California",1499,579,1026,490,8,18,0,13,30,51,0,13,435,328,76365,3372,439,169,274,152,165,106,439,169
8471 LA PORTE RD BROWNSVILLE CA 95919,CA5800807,"c(-121.2918274, 39.4545474)",061150411012,"Block Group 2, Census Tract 411.01, Yuba County, California",953,338,777,302,77,101,0,13,0,13,0,13,55,89,NA,NA,378,121,303,111,75,70,378,121
701 General Petroleum Ave Kettleman City CA 93239,CA1600048,"c(-119.9614513, 36.0076977)",060310016011,"Block Group 1, Census Tract 16.01, Kings County, California",1880,685,50,52,23,30,0,13,0,13,0,13,1773,668,41916,14058,606,257,128,65,478,254,606,257
4532 Rinetti Ln La Canada Flintridge CA 91011,CA1910241,"c(-118.1917685, 34.2018919)",060374605022,"Block Group 2, Census Tract 4605.02, Los Angeles County, California",1723,729,957,709,12,20,0,13,580,230,0,13,103,79,250001,NA,439,151,407,151,32,30,439,151
2272 MEADOWBROOK AVENUEMERCED CA 95340,CA2410008,"c(-120.5263466, 37.3211025)",060470009031,"Block Group 1, Census Tract 9.03, Merced County, California",3751,779,1424,644,51,53,0,13,1484,519,0,13,583,298,53356,13018,857,260,611,263,246,123,857,260
4411 47th Ave Sacramento 95824,CA3410023,"c(-121.4547683, 38.5107582)",060670046043,"Block Group 3, Census Tract 46.04, Sacramento County, California",1149,606,164,131,22,37,0,13,368,366,0,13,595,463,54837,26239,375,127,177,80,198,110,375,127
38280 Gleason St Yermo CA 92398,CA3610118,"c(-116.8250265, 34.9054315)",060710116021,"Block Group 1, Census Tract 116.02, San Bernardino County, California",1793,695,1200,580,0,13,0,13,136,217,0,13,376,281,57013,31564,843,369,441,221,402,290,843,369
21060 GEYSERVILLE AVENUE GEYSERVILLE CA 95441,CA4910024,"c(-122.904296, 38.707187)",060971541001,"Block Group 1, Census Tract 1541, Sonoma County, California",706,214,524,190,0,13,0,13,14,15,0,13,141,108,111085,22414,272,97,168,82,104,57,272,97
600 Simon Way Oxnard CA 93036,CA5610010,"c(-119.1588027, 34.2395077)",061110050061,"Block Group 1, Census Tract 50.06, Ventura County, California",1527,435,204,112,0,13,0,13,0,13,0,13,1286,393,74554,14626,415,103,270,80,145,81,415,103
5160 County Road 99W Dunnigan CA 95937,CA5700712,"c(-121.9526437, 38.8642346)",061130114002,"Block Group 2, Census Tract 114, Yolo County, California",1629,420,721,294,0,13,0,13,35,55,0,13,867,367,31111,18291,662,160,388,120,274,123,662,160
40041 CA 49 Oakhurst CA 93644,CA2010007,"c(-119.6567705, 37.3332583)",060390001032,"Block Group 2, Census Tract 1.03, Madera County, California",974,378,791,374,0,13,40,61,0,13,0,13,94,115,31765,30191,404,130,176,118,228,98,404,130
32281 Front St Raymond CA 93653,CA2010012,"c(-119.9054503, 37.2178906)",060390001091,"Block Group 1, Census Tract 1.09, Madera County, California",1515,288,1146,287,0,13,5,10,26,28,5,9,231,109,44276,11191,630,118,509,125,121,52,630,118
46109 Rd 417 Coarsegold CA 93614,CA2010013,"c(-119.7065182, 37.218923)",060390001102,"Block Group 2, Census Tract 1.10, Madera County, California",2413,538,1782,517,17,30,68,54,0,13,0,13,416,82,82641,15275,955,249,867,252,88,63,955,249
45735 N Oakview Dr Oakhurst CA 93644,CA2010014,"c(-119.7131478, 37.3442312)",060390001033,"Block Group 3, Census Tract 1.03, Madera County, California",1295,366,1065,378,0,13,0,13,22,36,0,13,184,162,68814,20253,473,117,348,116,125,91,473,117
1172 ICELAND AVENUEVANDENBERG AFB CA 93437,CA4210700,"c(-120.537612, 34.7180102)",060839802001,"Block Group 1, Census Tract 9802, Santa Barbara County, California",3646,541,1919,372,395,186,8,12,170,74,14,17,589,154,67917,11267,1106,176,0,13,1106,176,1106,176
3151 Inyo Ct Ione CA 95640,CA0310021,"c(-120.9667595, 38.2714325)",060050003042,"Block Group 2, Census Tract 3.04, Amador County, California",2904,592,2359,518,0,13,0,13,0,13,0,13,221,104,79058,24760,917,187,816,190,101,58,917,187
622 Jemez Trail Yucca Valley CA 92284,CA3610060,"c(-116.4559718, 34.2416971)",060710104352,"Block Group 2, Census Tract 104.35, San Bernardino County, California",697,179,512,153,0,13,47,31,0,13,0,13,132,93,34818,11116,337,73,250,62,87,50,337,73
600 EAST A ST DIXON CA 95620,CA4810009,"c(-121.8160917, 38.4449449)",060952534025,"Block Group 5, Census Tract 2534.02, Solano County, California",1223,473,592,239,104,121,0,13,42,50,0,13,470,440,102361,54618,450,139,351,119,99,69,450,139
36514 Zante Dr Traver CA 93673,CA5400553,"c(-119.4858671, 36.4539547)",061070003023,"Block Group 3, Census Tract 3.02, Tulare County, California",750,218,62,31,0,13,0,13,2,3,0,13,666,218,48194,8088,181,35,91,28,90,27,181,35
4522 Cedar Ave Orland 95963,CA1100404,"c(-122.2290823, 39.7566702)",060210102001,"Block Group 1, Census Tract 102, Glenn County, California",1177,410,340,164,0,13,21,22,0,13,0,13,745,360,42468,2432,386,112,288,107,98,58,386,112
1320 Larkspur Ct Red Bluff CA 96080,CA5200574,"c(-122.2454256, 40.164091)",061030007012,"Block Group 2, Census Tract 7.01, Tehama County, California",1846,547,1403,504,7,13,109,106,12,21,0,13,268,173,26270,16221,766,197,265,108,501,194,766,197
21760 OTTAWA RD APPLE VALLEY CA 92307,CA3600010,"c(-117.1888647, 34.4938451)",060710097121,"Block Group 1, Census Tract 97.12, San Bernardino County, California",602,196,296,123,57,85,25,22,5,9,0,13,170,138,28333,11371,276,80,106,54,170,76,276,80
401 S Ventura St Ojai CA 93023,CA5610014,"c(-119.2473439, 34.4445908)",061110009022,"Block Group 2, Census Tract 9.02, Ventura County, California",2098,446,1382,354,9,10,0,13,111,82,0,13,590,389,80625,55323,729,115,375,69,354,122,729,115
27971 Sloan Canyon Rd Castaic CA 91384,CA1910247,"c(-118.6269348, 34.4958124)",060379201041,"Block Group 1, Census Tract 9201.04, Los Angeles County, California",2939,453,1830,385,28,25,0,13,146,80,0,13,768,177,132738,14499,844,94,766,95,78,43,844,94
24500 Main St Santa Clarita CA 91321,CA1910096,"c(-118.5302762, 34.3816163)",060379203412,"Block Group 2, Census Tract 9203.41, Los Angeles County, California",1400,432,215,124,18,28,0,13,9,17,0,13,1042,438,57905,13719,338,63,92,49,246,68,338,63
24500 Main St Santa Clarita CA 91321,CA1910096,"c(-118.5302762, 34.3816163)",060379203412,"Block Group 2, Census Tract 9203.41, Los Angeles County, California",1400,432,215,124,18,28,0,13,9,17,0,13,1042,438,57905,13719,338,63,92,49,246,68,338,63
29156 Lotusgarden Dr Santa Clarita CA 91387,CA1910250,"c(-118.4024242, 34.4346714)",060379108071,"Block Group 1, Census Tract 9108.07, Los Angeles County, California",2761,712,1483,352,111,104,0,13,627,505,0,13,510,265,104263,16913,863,170,810,170,53,41,863,170
26521 SUMMIT CIRCLES ANTA CLARITA CA 91350,CA1910017,"c(-118.5092265, 34.4131518)",060379203142,"Block Group 2, Census Tract 9203.14, Los Angeles County, California",1079,173,521,154,22,23,0,13,68,52,0,13,422,127,143750,38071,301,46,267,47,34,30,301,46
29753 Bouquet Canyon Rd Santa Clarita CA 91390,CA1910255,"c(-118.4664481, 34.4770367)",060379200201,"Block Group 1, Census Tract 9200.20, Los Angeles County, California",2431,582,921,255,0,13,0,13,170,175,0,13,1283,465,80147,32870,702,167,617,123,85,110,702,167
24631 AVENUE ROCKEFELLER VALENCIA CA 91355,CA1910240,"c(-118.5644103, 34.4347484)",060379201212,"Block Group 2, Census Tract 9201.21, Los Angeles County, California",3695,775,1451,443,244,359,58,89,1096,394,0,13,819,448,203444,58726,921,182,729,176,192,65,921,182
25052 Abraham Ave Mi Wuk Village CA 95346,CA5510016,"c(-120.146742, 38.076402)",061090031032,"Block Group 2, Census Tract 31.03, Tuolumne County, California",328,181,229,162,0,13,0,13,50,69,0,13,38,44,42379,35046,135,111,0,13,135,111,135,111
13306 4th St Hickman CA 95323,CA5010026,"c(-120.7487101, 37.6207017)",060990029011,"Block Group 1, Census Tract 29.01, Stanislaus County, California",1256,300,801,221,0,13,0,13,12,15,0,13,404,203,74938,7242,411,76,254,60,157,55,411,76
690 Airmen Dr Travis AFB CA 94535,CA4810701,"c(-121.9475204, 38.2692539)",060952528021,"Block Group 1, Census Tract 2528.02, Solano County, California",805,283,318,174,104,74,0,13,16,26,144,168,175,81,62031,25367,158,75,0,13,158,75,158,75
221 Fairway Dr Tahoe City CA 96145,CA3110043,"c(-120.14824, 39.1666145)",060610222002,"Block Group 2, Census Tract 222, Placer County, California",738,350,676,321,0,13,0,13,3,7,0,13,40,48,111216,28794,232,104,176,84,56,50,232,104
"6998 WESTLAKE BLVD., TAHOMA CA 96142",CA3110013,"c(-120.1285859, 39.0677751)",060610223002,"Block Group 2, Census Tract 223, Placer County, California",333,118,311,121,0,13,0,13,22,32,0,13,0,13,64722,17191,136,41,111,42,25,22,136,41
27234 BOUQUET CANYON ROAD SANTA CLARITA CA 91350,CA1910048,"c(-118.5210012, 34.4354444)",060379200133,"Block Group 3, Census Tract 9200.13, Los Angeles County, California",2899,922,877,264,502,782,0,13,422,191,249,306,849,482,94028,50743,690,180,515,130,175,163,690,180
9475 Riverview Ave Los Molinos CA 96055,CA5200657,"c(-122.1085888, 40.0682429)",061030001002,"Block Group 2, Census Tract 1, Tehama County, California",2179,364,1829,323,0,13,0,13,13,16,0,13,334,211,63819,12988,836,128,677,128,159,66,836,128
43000 Mountain House Rd Old Station 96071,CA4500022,"c(-121.4355678, 40.6716461)",060890127023,"Block Group 3, Census Tract 127.02, Shasta County, California",714,330,686,326,1,2,0,13,3,5,0,13,24,17,58665,31102,301,122,227,97,74,64,301,122
24500 Main St Santa Clarita CA 91321,CA1910096,"c(-118.5302762, 34.3816163)",060379203412,"Block Group 2, Census Tract 9203.41, Los Angeles County, California",1400,432,215,124,18,28,0,13,9,17,0,13,1042,438,57905,13719,338,63,92,49,246,68,338,63
24500 Main St Santa Clarita CA 91321,CA1910096,"c(-118.5302762, 34.3816163)",060379203412,"Block Group 2, Census Tract 9203.41, Los Angeles County, California",1400,432,215,124,18,28,0,13,9,17,0,13,1042,438,57905,13719,338,63,92,49,246,68,338,63
